[{
  "title": "10 Recon Tools For Bug Bounty",
  "thumbnail": "https://assets.hackbotone.com/images/top_10_recon_tools_for_bug_bounty/Thumbnail.jpg",
  "blog_link": "https://hackbotone.com/blog/10-recon-tools-for-bug-bounty"
},{
  "title": "Coronavirus (COVID-19) - Full Stack Application",
  "thumbnail": "https://assets.hackbotone.com/images/coronavirus_covid_19_full_stack_application/Thumbnail.png",
  "blog_link": "https://hackbotone.com/blog/covid-19-full-stack-application"
},{
  "title": "Cross-Site-Scripting — Reflected (JSON)",
  "thumbnail": "https://assets.hackbotone.com/images/cross_site_scripting_reflected_json/cross_site_scripting_reflected_json.png",
  "blog_link": "https://hackbotone.com/blog/cross-site-scripting-reflected-json"
}]